age,limit_bal,pay_delay,bill_amt,pay_amt,education,prob
52,145796.3469042039,2,0.0,410.01289225876735,2,0.2653678958068025
32,131982.5462362407,-1,73713.27444339752,0.0,2,0.004497122687620543
57,90165.75934230488,-1,0.0,0.0,1,0.002814260410814936
50,21825.52197360703,-2,39919.170048921194,10115.120254526792,1,0.0010774335135245337
40,103558.14107766192,7,118879.71326355865,0.0,1,0.9999069441427443
41,144143.38754643642,7,98068.02257533639,11529.434273032157,2,0.9998367605262577
27,132436.2895014938,2,100942.36346292454,0.0,2,0.5320974706799794
71,22708.636170067693,0,106820.91687771052,3432.727578450283,2,0.06186607041953506
29,117804.53816512188,6,85667.38004494755,1551.0068613783906,2,0.9991269497000868
67,184857.800833273,-2,103027.63124660906,13381.741495541362,1,0.0007741240950370041
67,210815.22627144272,-2,65572.51862054573,8918.49172595962,2,0.0004272078908776841
70,180394.6686308257,4,17994.97068555563,24732.263288664493,1,0.919415576296815
22,119762.93850725128,1,30991.178425866277,9731.908146082787,2,0.0915393277908345
68,107448.19375914315,3,77491.26997148666,20859.40566688945,2,0.8418761480857365
39,152848.00525614992,1,84258.86474416018,9699.413015789747,1,0.1318404605171247
50,270414.444952036,0,38928.15003579599,2929.24010376048,3,0.007247951861696034
69,123298.55815338355,-2,28474.902171828584,0.0,2,0.0004997633149788468
34,166936.72636343594,-1,75235.97506273806,0.0,1,0.003988432974471057
36,121728.4402827451,-1,82387.4000421781,0.0,1,0.005576683317023027
63,10000.0,4,8460.772777531121,0.0,1,0.9683984175003209
43,205950.39128733918,2,137791.39723526576,10131.179486451154,2,0.507353889020906
68,177049.1933876623,7,24035.009822462875,6030.445256530744,2,0.9995712221516319
62,131943.0975351983,-1,13674.34349623914,14103.821119180251,2,0.0022479081629087185
53,98726.1820325848,6,22687.97400227005,7850.230358979704,1,0.998543348875203
30,157925.24040773633,2,43000.33190548421,7891.934871686323,2,0.34341864357730795
28,119106.22041335028,7,30726.207296832465,0.0,2,0.999731373485029
25,125793.37595387144,-1,48683.11448155009,19536.363179813758,2,0.0034043167771231494
41,101657.36585234327,6,28954.188675291745,2517.815160667724,1,0.9986509606931544
59,190401.71309965686,3,116910.94967248457,0.0,3,0.832040057946927
49,56914.36549423475,0,0.0,0.0,2,0.018168316775666025
30,44397.531160129016,6,47715.03250416087,18575.85467214504,1,0.9991709647147026
59,181452.02631031346,4,91939.66127401422,2654.6159458173042,3,0.9582839319901041
38,39897.67206284702,7,45521.980259192984,5777.587739272578,1,0.9998609528286886
63,157649.61449493156,4,36661.01254540235,7152.193874689492,2,0.9401716531413955
45,132790.9570036845,6,73410.11742486304,11909.402405636416,1,0.99894060153034
60,139445.2546112514,-1,2837.2855225072417,4397.868136399162,2,0.0019901129857321158
29,38508.067561575226,-1,132731.51039129446,4157.440851084854,1,0.015027722570062133
55,134946.73701079452,-2,59632.56959673151,0.0,1,0.0007004865428565442
56,216514.36015652175,1,30534.01310202483,5314.476904447823,2,0.05287133345787053
48,66119.6160957705,1,137344.0693915855,0.0,3,0.27962224041896894
41,163816.36385640607,4,12141.741604012532,4899.6861897598255,3,0.9186196584635858
44,144618.03101990998,2,97282.4690188962,0.0,1,0.5182821715527529
69,77341.18409946543,7,10513.428975195748,9286.40683234157,2,0.9997218434210204
32,185241.6016116653,7,104719.78235703129,0.0,1,0.999827547745038
22,163889.28770181735,6,0.0,0.0,2,0.9972674108058893
48,10000.0,7,60724.10870430112,3302.7382667424663,1,0.9999000799936558
59,192434.68339366626,1,56590.786649321344,1601.7242332780315,3,0.07333050283586086
53,146454.4805878512,0,60237.505819496546,11296.432301485063,3,0.017920224650138525
69,154736.3332686664,2,15432.781997349062,0.0,3,0.26950746398867953
73,204802.204238358,5,71820.75801817488,4145.123369040001,1,0.990624809667734
74,112964.42494636196,3,15105.781452570154,2309.9877281843565,2,0.740881262156021
56,176811.37543992128,2,73342.62447202303,9310.018173010365,1,0.40008713736928864
70,144012.78661802123,-1,60700.71115323394,13334.44904863926,2,0.003382141516136598
35,65258.809632319,1,62884.73365675764,4317.370942229165,1,0.17211337392703083
37,94026.56355858053,4,50497.58916718338,4896.60669824471,2,0.9645411092362068
67,257572.41941632348,0,109228.64436320068,8183.525911685879,2,0.016595628730894034
44,140423.4725687581,3,72914.42191667907,0.0,3,0.8105117826581164
55,87666.21434133506,2,37981.192888227015,0.0,2,0.42874902278657423
33,159196.9338456509,4,57191.149649096595,3879.933150848572,2,0.9524757081254355
26,41046.80336732311,7,39165.347815790985,2961.844317499048,1,0.9998536289767916
52,159241.9367230852,6,26866.38129376516,14174.463422994932,2,0.9978247860094813
50,144059.19390413212,5,39818.90240653433,15803.235891850905,1,0.9907150010054226
42,55741.451537355504,4,23116.216154694368,0.0,4,0.9575049215936053
44,222956.99485246558,0,1587.1716787098558,12169.733217054105,2,0.006818413001876413
55,232943.25594624341,-1,95004.2269907911,0.0,1,0.0032572513230064663
27,130786.83677556083,7,84069.01929029371,8814.660845781396,1,0.9998410862828319
37,84344.7957893757,2,74366.18665922941,4526.840175714868,2,0.5277627078237299
48,108171.95562734106,3,14373.162802893778,12637.676280738746,3,0.7295330426775141
50,236794.40453969387,0,73267.09551759572,6373.404174517517,2,0.013269933542606424
31,57629.270800475686,-2,74005.64306051313,0.0,3,0.0011361960921748681
44,271411.09735100577,4,25286.442841649667,8770.790316928218,2,0.8790967417301631
31,167539.51903286055,-2,47769.89630062931,0.0,2,0.0004886275747420075
27,10000.0,5,65441.58830880113,0.0,2,0.9967446068358806
45,298436.67520906526,-2,6080.71696048828,0.0,1,0.00015619176116342775
23,127899.63169349905,0,66919.07946509056,15008.114088709894,2,0.023244482924189246
62,164175.15706524035,6,18969.06131434194,10857.681925998244,1,0.9977386397280281
73,57445.01868182093,7,25771.714672863396,3804.9781057450873,4,0.9997599140496848
74,200807.68074315047,6,0.0,10240.850971193471,1,0.9965611425937362
43,157968.0981794194,7,82654.79838924814,8457.378485213976,3,0.9997790910149877
28,289721.9607078353,-1,37525.755054895,0.0,1,0.001327137254554899
53,70307.38757783064,7,14710.089869819152,1291.999674856319,1,0.9997715791871451
27,162489.02529509808,4,124103.57537862741,16286.919137837333,2,0.97428998093753
69,120104.15768129546,5,0.0,0.0,1,0.9882523787773578
24,131340.16746479,4,93591.35204367242,9291.969315495819,1,0.9733669398887453
33,10000.0,6,34442.154839998955,12264.090429601558,2,0.9991806172264882
69,231209.3406605043,-1,79887.69755115623,6832.1526550650005,1,0.0027162563274158256
54,306109.5698098588,3,98011.96776230834,0.0,2,0.6904863461171671
45,124349.42636121542,5,21995.989269328267,388.3757016001755,3,0.9891848779929875
23,203098.25662365332,6,92427.80568273414,8899.558505907902,2,0.9986339725698457
21,224506.1611495589,1,104997.79635745603,0.0,1,0.11497399669029475
34,10703.898792172782,2,65973.00021900648,1974.4581554453043,2,0.6147444202048956
52,205434.45110869454,6,70925.46924818141,7216.052537668446,1,0.9983514275490293
27,224000.54251117352,0,32668.21030449721,4186.363097646081,4,0.008455435092380822
33,142165.0937255116,7,102684.79322208557,3905.9391854414516,1,0.9998612642172372
45,88692.86723358594,5,79822.14266880878,0.0,2,0.9954763528932604
50,181626.01629438633,5,39520.12151643008,0.0,2,0.9882046353588435
25,187373.08492734865,-2,98769.61875565926,2238.633368292574,1,0.0007891056590926482
51,83237.04131750997,6,119496.43889604512,0.0,3,0.9994513689312395
66,113563.11750777093,-2,60976.504112378265,14985.174335909704,1,0.0007581560559007578
36,80876.13924317027,-2,49072.894940243714,5891.168702056841,4,0.0006974209554696196
34,51257.02373906724,-1,58650.92284171815,16143.154601028386,2,0.00583908300321659
53,116407.12713019026,5,58546.7518465248,20760.253172568046,1,0.9933486625313871
41,70388.32695288994,5,61789.69750591981,834.9700781250058,1,0.9954433767759345
73,108983.66401894545,2,49960.430180943025,0.0,1,0.44143341370732586
72,104287.37944283447,-2,117736.70962341645,4850.424535399238,3,0.001283464754574013
58,90707.06229193643,2,46344.30218920043,1783.1931268454855,2,0.44344304905192117
42,253611.44140212488,7,35013.79811285014,8455.125353575973,2,0.9994110334589128
22,47670.60891096013,2,66258.44530399275,6286.967628461435,2,0.5624959407499902
74,149982.34504034222,4,102234.32232941048,3930.4669727369383,1,0.9719969660143458
64,72620.00357577144,5,32423.15859649596,0.0,4,0.9921457494040042
45,57300.252374032425,-1,77091.16325155506,0.0,2,0.007102951819745607
57,157138.7159674514,-1,60285.298573529835,1517.7255389442253,1,0.003522757318727249
35,10000.0,5,72719.92375531422,5993.002506163146,1,0.9971062900671465
62,43463.67595868607,3,108596.87950448043,9492.569188751399,1,0.9228815031007216
62,176938.26942025407,1,26153.830119225437,8493.744086450693,2,0.06207893891704363
32,109951.9734878577,0,38345.01495824056,16190.005154020106,2,0.019060930689050036
32,182966.4642612405,5,47569.0258855447,7351.122175609841,1,0.9897233530214604
28,156186.0887173664,6,44637.78762354729,0.0,1,0.9984540186018672
70,42034.11778837374,4,90199.00090642477,9287.801484946824,3,0.9801713052191239
56,21928.343527200675,5,43999.03881048246,10196.87060569057,2,0.9953711832361123
51,167217.27124878182,-1,2482.8068547405055,24108.95293476997,1,0.001710437209007675
65,237701.46521859523,6,7952.5910457451755,0.0,4,0.9953493699230884
72,174351.17870098716,6,81248.01662139887,12345.300206114875,2,0.9986250010783527
74,208602.78988273555,7,45142.315758740944,0.0,1,0.9996187427390324
61,184597.44483697202,4,110786.95246645049,5048.254454793065,2,0.9667913325339399
70,10000.0,7,39039.91500441952,15153.18206998752,3,0.9998470928749305
27,233498.0046628697,5,122679.97234781145,6280.254071334712,3,0.9927154069652614
37,61776.5909247901,2,33676.60102250207,0.0,3,0.4421332913306613
37,186658.02704157704,7,18416.643887553102,1111.39343054738,4,0.9994717718660082
32,12750.365194186801,-2,76872.83365231975,4346.612396309356,3,0.0014987823506006775
36,97000.4657406822,3,29738.236023737165,5076.968452282615,3,0.7778248258971419
47,156043.9156939438,2,104880.65902182,2444.6978481118817,1,0.5184203677769156
56,268364.5903883744,3,168243.87303111475,13940.617624849669,1,0.8546734265155767
62,127458.1470770951,1,65445.122559389645,15296.008560727161,2,0.11488004916425895
63,103528.84876234911,4,0.0,19142.429101409518,2,0.9342382461635445
27,82817.24631151915,5,49583.487508641454,0.0,1,0.9945366983500624
24,224829.01801644047,-2,60779.61426079868,1450.4189100040248,1,0.00042965265564234097
34,111121.35011770928,-2,41733.21421279497,4323.008776107313,1,0.00067384967088829
39,218037.32248348088,4,67031.22076802888,14434.299942309133,3,0.9336178492971209
55,49172.07709865717,4,81805.59308464843,0.0,1,0.9812627929569333
72,247852.75914635847,0,139833.59049597877,13979.431940929278,3,0.021811421230991734
61,128068.70615013117,3,99312.1817091952,0.0,2,0.8643801355343995
26,295747.132062559,4,73099.72389070907,17906.09365095244,2,0.9107544578625906
29,133206.40961631024,-2,45309.68251374209,4938.814508868881,1,0.0006161542404843801
61,219749.65566580495,6,0.0,0.0,2,0.9960657049870327
21,10000.0,7,25463.428296366066,16400.87874502758,3,0.999831671245066
36,115036.05990675223,4,102328.73651158753,889.1123145208494,2,0.9765613844657467
43,70613.25395673423,-2,96879.07402886408,0.0,2,0.0014137890903964142
56,10000.0,3,60637.50718012537,9952.490235310972,2,0.8925230982842071
23,149903.87248652164,7,107151.75237444238,0.0,1,0.9998644795270387
68,47805.24329665938,0,67452.8556061571,9552.620079740847,1,0.038448825376723
46,222000.782920827,2,118877.42415617878,11642.19130545958,2,0.4334241052880191
51,175243.46966934318,5,0.0,2939.3133319155604,2,0.9828214187026982
50,108161.58608267686,1,16199.853670331118,0.0,1,0.09071890982855299
24,75046.797635964,0,65739.8853914587,10537.63691640668,2,0.03146309294362333
49,107966.94931012885,7,27809.304013438057,10595.272285199859,1,0.9997445241683985
74,10000.0,1,108804.18934398252,9706.85505804883,1,0.3039159737524627
48,85437.59953817911,2,51518.06729234916,4219.057804801932,2,0.4647981783171209
22,202778.5326795573,7,59299.97679163458,20051.42057221614,1,0.9996769469175271
23,138917.26434933714,2,8837.320859012318,13331.009657564526,1,0.30363760304808673
24,162253.3200063488,1,21637.895541714635,1954.109081034479,2,0.0680522693450583
66,171898.55405495153,2,36071.90034086726,0.0,1,0.322883039970793
24,46444.54101584881,2,96370.5943925621,0.0,2,0.6429436028239037
39,243464.83692628978,0,33107.639858773546,3574.8627235106223,3,0.008055881053513453
46,153079.52152204994,2,84903.0154757413,12315.741581496906,2,0.44591953721154276
71,215068.9169004283,7,78575.16318278249,8379.311403018033,3,0.9996691538722673
71,154695.754920523,-2,50655.6672752072,10268.637903152632,2,0.0005045089768694615
48,145965.64620688453,6,87691.29047984122,20158.979526382347,3,0.9988284661221899
32,21548.666039789547,2,49221.54454911576,13770.02070112394,2,0.5483464239460532
65,125061.02949529521,4,66752.21866701527,5664.5514306497535,1,0.9654354436283803
50,10000.0,1,81434.62633619616,0.0,2,0.24481939590926577
36,121921.51708328306,-2,102845.56331025399,0.0,1,0.0012030529201712233
53,171276.09707685854,2,36397.014148793874,7385.558505627625,1,0.3219126905594098
60,178341.00908061108,7,27451.2584645712,1817.6717912071572,2,0.9995918864101225
35,84651.91472272929,6,26886.092908309613,0.0,2,0.9986802067616234
48,13000.65739217191,3,20427.753147301955,8271.354439405552,3,0.8357269148748868
62,251627.15512796922,-1,0.0,5135.728540750384,3,0.0009302805841996425
29,89012.05550986165,7,23185.95031095689,16201.39072736491,1,0.9997605008225317
62,125786.1517672309,5,78943.33809593091,0.0,2,0.9942383404966632
46,158309.92481012215,3,0.0,5274.002936226586,1,0.6719814504672516
23,23992.154996433645,-2,105104.87393229268,0.0,3,0.0019214446595196462
43,142088.66305589784,-2,117362.08208821963,0.0,1,0.0012333209837033978
53,177170.8012226758,0,121925.95210023626,0.0,1,0.033294894306845305
48,161250.1973820215,3,59044.654955007376,11745.480249993167,2,0.7713710501472542
71,96854.29849349294,6,31227.140376566316,0.0,3,0.9984933661542561
50,149393.7192947777,3,103934.40075285053,19879.011010138856,2,0.8481966303983256
21,285624.45560029603,1,73323.09438197204,0.0,2,0.05750341854336699
30,170097.4479086521,2,39357.04834707821,0.0,4,0.2948064976230209
28,229929.89166130393,4,65092.94131510902,3063.9127416432257,3,0.9309951393470057
63,142993.29304158952,4,60738.83920269918,10414.833366585595,1,0.9588671435622049
51,150259.87607781636,6,53507.676125473175,14394.072561367027,2,0.998432196142395
27,255878.46221746737,3,98946.37665090496,0.0,2,0.7563811191482729
54,23827.402191079265,1,107244.43094836871,0.0,4,0.25240616405412997
34,166209.39303666772,-2,48527.683142775175,12851.536250034154,1,0.0005090635864117997
44,163892.26718767144,5,157158.21021886496,8364.5628014645,1,0.9969697681684638
64,169074.4113435048,-2,79046.91250162564,6511.7874546769335,2,0.0006337562583705128
62,107773.14332916716,5,61630.6609916698,0.0,1,0.9942224729440089
66,55403.80879305724,3,76005.153902026,0.0,2,0.8841453093559213
36,189112.83611754986,-2,136512.5567298262,14394.192908413648,1,0.0010960970836603405
59,114807.51266164082,4,0.0,4890.170478121025,3,0.9287612865101337
36,155171.6350389269,-2,93183.22736865135,6064.924345461096,1,0.0008786721614465206
34,191654.79723486298,2,116957.0076113076,877.0623751863495,1,0.5019308214451677
31,160450.88054466707,2,59429.628016801194,8888.80436471594,2,0.3781378156695352
28,284724.27237489884,0,70276.57690990227,4175.183151810412,1,0.010758308003689654
23,210739.35613594577,-2,7690.6669011105405,0.0,1,0.00027126722577972337
57,135715.09764708317,6,69175.87169402096,5332.256818503227,1,0.9988851326286928
54,148798.67671382913,5,70096.98800385551,3851.185167999549,1,0.9932421915026847
52,168576.81474987802,3,71647.4910583811,7943.646751071561,3,0.775798430939071
72,161146.79583703206,0,0.0,6533.510282548035,1,0.010210678803488495
37,150085.0610218464,1,41818.71974842882,6631.124077855569,1,0.09154608696358163
48,187074.20574513337,2,54759.083067843814,0.0,1,0.3500656759447002
45,91580.54237085217,3,69207.94827263601,10969.125824748206,2,0.8500212049609261
35,140073.37125337258,7,20908.01352399838,6925.6839883337325,2,0.9996537619917739
54,125143.43982224015,0,51987.69274487352,11804.397716889926,1,0.021337389581460184
51,344585.32356868475,5,74012.28604411554,2991.361228690461,3,0.9769840230183411
25,214774.89314240462,7,37927.79980637534,6879.313426104912,2,0.9995546080964468
47,79966.04323252982,-1,75833.83324453345,0.0,3,0.005718107656200565
42,119343.26319988386,6,117003.24888619116,3362.36926232218,1,0.9993946198098725
24,260500.5725176093,5,49911.18042578766,0.0,1,0.984774390827251
44,180273.8362400805,5,0.0,0.0,2,0.9826015718013947
57,10000.0,7,131113.50897817774,15016.066138004175,2,0.9999456635443342
26,146998.7869906192,-1,85174.28073535577,10580.185376755795,1,0.004831580044931384
58,184922.88195300597,4,31655.074259579324,0.0,2,0.9290024397336729
60,160006.4631924078,5,62948.91994212927,6479.969966557157,2,0.9915553405939048
62,26301.613085758785,-1,70041.20196084172,4314.018055764732,1,0.00823019165264566
49,34913.93806801716,7,90330.62381132683,1754.2281607795262,2,0.9999089897305323
41,128266.8483585198,7,102757.62054747115,8133.2374051761435,2,0.9998598616053653
41,89276.54230090657,-1,92893.11616677605,8458.730289154173,1,0.007263589995978418
40,50238.65971462369,1,77835.41211914954,14782.965072582912,2,0.1918452313340916
23,149354.50424634074,7,37333.66108387394,3551.5809957103784,3,0.9996764030833276
30,151103.4932788886,0,55381.0894783819,5925.477224408091,2,0.018516909123872848
51,236022.76649165282,1,49189.5203122158,14372.431639088984,2,0.05561896870929152
43,97822.08800210094,-2,50747.356388208005,20746.85651953319,2,0.0006997680273338751
43,145395.5103620989,-2,23561.31183355157,10649.149230610372,3,0.0003853508066922868
36,239630.45562893501,-1,18522.402081878317,0.0,1,0.0014510089325953355
44,212905.20972082834,5,0.0,24447.43079147078,1,0.9788116668460581
31,162118.932501709,2,0.0,3721.997277971499,3,0.2360241068734319
73,178530.46101085254,0,24003.173572040832,9521.723287677276,2,0.010886428433000658
21,177186.0390652968,7,55479.79695435033,13741.818926057927,1,0.9997169386479138
62,302919.7878561042,7,82384.08416882789,7656.299919951163,1,0.9995429880040865
54,152886.15247485047,4,0.0,0.0,3,0.9141713401825202
47,264102.4585786237,-1,54126.426634472366,6170.419120283996,3,0.0015287441492917394
37,10000.0,1,7945.557662538522,4397.331936357528,1,0.13984110190760016
65,274601.2310357174,0,11677.062847319205,13786.11706165856,2,0.005455563841814156
49,161344.29469899525,2,39867.08832581225,12270.876389916091,2,0.32441397254474613
37,118686.98140790817,2,70569.11426078327,2892.6275892549256,2,0.4690605711826302
39,292649.3859208572,0,27934.887486487005,2579.2241941799275,1,0.006622664855948214
25,227644.98275366737,1,60164.32552431227,11619.324712886148,3,0.0626528407320211
66,10000.0,6,103843.48827251254,5294.170425161548,2,0.9995958655702234
57,116712.5606959312,3,50256.77194027773,15479.985032043125,1,0.8077815047770468
48,214579.18253350983,2,78298.99869431375,0.0,3,0.3367555426124246
39,199189.99187026251,1,41675.168196805185,0.0,2,0.06693082287330836
28,247973.3356970915,3,16964.6969464761,2214.4600534609635,1,0.5974273599352709
34,243236.71123191458,7,117759.57384468996,2344.7794638811324,1,0.9997862344852767
65,92064.95406873286,7,107798.8311993809,10363.705040632482,1,0.9998965684994774
44,250414.67161151126,6,126433.01015887737,1597.2258074662573,1,0.9988214168948089
36,114591.59433011699,5,133032.7535513164,15452.958331821561,1,0.9970423043972115
32,327816.34592699434,4,35025.40581994567,5384.833766719683,1,0.8638231636206523
21,152897.59337641933,4,0.0,0.0,2,0.9219091248751191
24,172198.82937008672,4,49195.11544394554,9418.602255735828,3,0.9404323798388164
45,134408.36812463021,5,65373.298804942584,0.0,2,0.9931511299929485
50,224471.76109207107,4,113916.12070785364,0.0,1,0.9633055574310977
28,90567.05146264707,2,84834.31598030023,12525.91608883848,2,0.5412635201518663
50,97122.81505767768,2,89295.86758245932,16027.128853834194,1,0.5524221423636343
42,357149.05861969874,3,52126.822379750774,3934.221509118684,4,0.4718530911451542
24,128458.89903591863,7,39835.616268005004,8562.644135755763,2,0.9997354032972756
24,279146.5297665497,-2,39785.24871310321,5970.370776671867,3,0.0002153444684602377
37,70270.00700800172,4,68858.05060740786,8490.366200923563,2,0.9739240907838322
38,10000.0,4,31420.00725534428,10890.856136205675,1,0.9746284880258956
33,176920.51586054137,7,94614.6987177302,18061.002544022005,3,0.9997770495497156
71,90404.12765272387,7,123049.8581843295,0.0,3,0.9999020400955677
28,259219.3801500757,5,4667.155376646799,15146.690672886445,2,0.9730246124880692
24,33477.48045875125,4,37996.6509933407,13880.510772053804,1,0.9729529001639811
51,10000.0,2,95005.95143082128,20653.908386086474,2,0.6666915152900404
29,145482.8194021986,-2,62004.44838950998,6144.800396557892,3,0.0005893738259658453
56,157941.8675174726,3,37575.68256686265,5299.438493400495,2,0.736332692400496
68,200330.20249820102,4,144538.55818631637,0.0,1,0.9760553721532254
57,136757.957469083,-1,51499.7606360384,0.0,2,0.0033957607269861855
72,218494.05515083802,0,104529.831927505,0.0,2,0.02024296602725356
40,153490.10519800018,4,43056.26266178213,0.0,3,0.9437795615778234
64,142337.42409732874,2,46195.07180615309,3686.8275633871435,2,0.3673926357732886
47,178346.63689255592,2,34299.675003433935,10790.893542724261,3,0.2780077601763638
40,81425.13863803704,6,125818.2706050898,13294.974986661906,2,0.9995102574607041
67,179270.20824827507,1,48370.90170947106,6478.518072343427,3,0.07120922312651218
64,172071.94785909407,-1,8882.52062871994,0.0,2,0.0017685768811902644
27,108343.18262794396,1,32699.034556973136,12142.665949516699,3,0.09164068893639024
33,125637.5372354279,3,50835.175749307375,2355.2393783008274,2,0.7998771134557727
52,263999.4262407765,-1,51295.35614122354,3160.150532516386,1,0.001718727466505275
74,122498.11227563053,3,101322.66226420162,10690.863572925671,1,0.8730485032822907
25,70947.89175108337,5,23248.257695161126,3496.7233248338134,1,0.9932554832411581
38,106116.7853533891,0,18997.39316622295,0.0,2,0.016774154154261173
41,102581.62555806685,-1,7933.052230369685,26051.955939234806,2,0.0024693911239962894
71,123628.48083272533,6,0.0,12104.496992867942,2,0.9976423553152393
64,85736.98427831368,5,67130.0606570901,0.0,1,0.9951885701970038
66,282513.91505723965,-2,118103.06117305512,9964.90302792583,1,0.0005168146236633651
71,121245.88142446094,6,66108.8393336008,4566.009046347325,4,0.9986792556189714
51,36904.76071226648,6,3319.136035801399,5006.6814884003625,1,0.9987750690555878
73,218388.07115969827,1,54410.32421226048,1222.3938064563695,1,0.07025755463041412
67,211148.90572607008,-1,74621.53802789871,3444.764997427793,3,0.002546337445565202
35,160480.43628416752,-1,70549.06384845491,0.0,3,0.003426004083647067
70,84872.49547352074,3,78516.91895818115,833.2721690377357,2,0.8674831708362197
64,317570.28854211577,5,105550.93836815363,0.0,2,0.9866111314866998
71,229619.40218162045,5,34534.06884561621,10533.325335026417,1,0.9838688051124405
35,97458.82018321891,-2,9139.008507740946,16172.452301284004,1,0.0005010517899208545
37,133615.65980327508,0,38256.647843029445,0.0,1,0.018674954270517602
58,207591.5362889506,5,52263.07471803914,6592.5401307615775,2,0.98760692872984
69,197693.08306352817,7,114188.27226240947,0.0,4,0.999784457691808
32,156047.3629627382,6,65032.34177407157,0.0,2,0.9986517111926371
71,69565.8731316044,7,75603.20897657561,569.9933939587336,1,0.9998768560823484
62,42886.64434598597,2,6521.106860514301,745.6139414460185,3,0.394281775501746
38,199023.57524057958,4,46885.42545398547,2364.9778070539787,1,0.9386917474760869
29,95218.44353771591,-1,48935.17342152038,11745.084706045096,3,0.0038862640291287354
46,329582.7502721684,-2,51935.8844159785,12154.714804738454,1,0.00020059421201354982
49,251876.55884000054,1,58153.7809076217,11723.292513156903,2,0.056165432637890776
73,40528.65382864859,7,95542.0425747096,17212.18605249758,1,0.9999105309215331
28,10000.0,5,105407.10956189179,5230.724762763167,3,0.9976437253247518
66,124641.72435388445,3,19733.18548920042,771.9621788839277,2,0.7393987396782452
56,144241.9415016156,4,33586.95897254409,4068.228353899284,2,0.9436622546163703
22,262161.5432991267,4,3760.7014628466495,2383.0794263806633,1,0.8731261709642009
56,183074.46517402827,7,99087.49613598286,4112.324343222171,1,0.9998127033145275
64,221683.13407264015,5,11223.469836425647,16226.724185679876,1,0.9802504425387119
70,269902.9239292523,-2,41896.472758663724,0.0,2,0.00024298802324663454
37,239348.35304149915,-2,44473.60242022539,7670.934438231578,3,0.0002801765729560496
22,74591.29311778492,1,66579.24983180975,5481.821241646298,1,0.17103972513083496
23,203190.92930503003,2,46372.48601746916,0.0,1,0.3153538608951967
61,39394.349965363144,5,18617.39538044566,4120.145687298717,2,0.9934475400224374
59,192057.62952216985,0,37266.202001598394,0.0,1,0.012919208926048828
64,177486.83031677932,6,20711.039734738297,3373.0973806363586,2,0.9974816037281712
63,337562.6359062804,-1,95989.48560193833,31228.070982490062,2,0.001490265176051827
45,149583.57519416217,5,59911.100675207395,0.0,1,0.9926228752856711
74,193915.9111083829,6,71284.42338253287,6634.847220118504,2,0.9983197846840505
41,128645.03045488283,5,12946.378128479402,8677.039147618772,1,0.9891752333199478
43,107093.97296117418,0,98777.13136282194,1771.839474807411,1,0.039432004676130984
25,196356.08123186816,4,68848.43573748277,9532.271837916678,2,0.9473406949765802
23,206476.12892050337,6,53841.49239006176,16843.810646649123,1,0.9980158474552725
31,155537.44812595673,0,100363.44062519912,10258.025795971576,2,0.02800518280856946
27,177395.69243308407,4,48534.98828627162,310.7621729697821,2,0.9437152682934395
25,125771.98824269645,6,34775.45171175046,9411.760292001401,2,0.9984195362525335
49,14983.095130816539,4,96194.45749772212,10708.474828418348,3,0.9842807898787418
23,246528.2893300907,2,41922.90430211315,1750.21874957078,2,0.24024356475956546
44,179460.8047316877,6,96641.30235219488,7430.9264312999185,2,0.9988428749478887
25,220492.45288816368,0,36645.67836674732,9529.438633807567,3,0.00949092915619661
64,129341.8510769443,0,96091.49094551036,5278.097563747802,3,0.02863079866653536
61,158419.26624586026,7,0.0,0.0,2,0.9995202360651193
57,142835.00816390064,4,82802.72302618837,8579.876383905752,1,0.9673806893525001
33,284215.9463563133,0,8498.736851277827,17674.358708468004,1,0.005455920566764231
22,295505.531499195,6,37072.48253144325,22640.018063976215,2,0.9956670837490633
22,130962.27953808158,1,0.0,930.1462345824102,1,0.07035103834584767
23,44510.994294416756,6,65195.87329672107,5375.29351257039,1,0.9993412569159744
49,88994.2336808831,6,110603.39339636188,9052.660762244714,1,0.9994445697653188
32,322345.8878768293,1,62196.62711171465,0.0,1,0.04448504735242261
73,108509.49954429819,5,112884.55640155217,0.0,1,0.9965372588079342
70,215167.0484594736,-2,26944.54521635821,15937.695700261942,1,0.0002922029024561171
43,134295.52272141792,2,0.0,0.0,1,0.29522109948973574
36,143364.01259936308,5,22457.53214395969,14315.149158645352,2,0.9883754043206173
49,37482.97470738544,1,94541.9470509853,0.0,4,0.21549540205936396
36,10000.0,0,17673.8867720454,9765.202677222529,2,0.027880282909090608
33,173290.9720170344,6,118894.04020045028,0.0,3,0.9990810500182721
56,301467.76637214434,4,81614.11358049604,0.0,3,0.9118188225671345
22,254826.78821749476,-2,0.0,766.954350340865,1,0.00019323124182096514
41,199785.27978859513,0,8021.205411012241,0.0,2,0.00869593281298836
51,238055.02528859372,1,43502.43642638461,0.0,1,0.058141251740403535
52,125009.15186038219,6,53866.59957597906,4326.293257686608,2,0.9986949802812034
72,106333.68930011266,5,49980.37764007429,8391.321593745126,1,0.9932985572108155
43,137965.1371190923,-1,105079.06067002089,15162.5281848627,1,0.006053866928507296
72,106842.25867317792,4,83585.58490324455,732.3542220118788,1,0.9739074479900888
43,209106.57008260855,2,16714.71631965418,3173.7063189244886,4,0.20459868394341618
50,70624.54944665267,-1,36272.01575092746,832.1753946435392,1,0.004600671697952895
31,41245.949407637614,7,0.0,0.0,1,0.9997814617854173
48,201561.6007976703,3,103342.33778203212,17530.38248008165,3,0.7937876625925919
65,45147.44022956649,4,57364.90021288347,11282.107213061794,3,0.9718485270681985
34,229519.21836672333,1,7122.788496189576,8165.853410050942,2,0.039494842441580025
54,96790.03588692695,-1,10222.284910863833,0.0,1,0.0030168564231297947
39,86624.6003543929,4,10038.863808515402,1203.2464488038459,4,0.942563156091484
39,21020.684255685497,5,2190.6068031748655,7513.357480224729,1,0.9935701262265545
25,109366.24771773038,4,54246.56117203505,750.9568265657235,2,0.9636499339765273
47,180641.2862477334,4,80022.50889505314,11688.240729350086,1,0.9584765423406715
66,210295.1879417915,7,0.0,10279.455128399535,3,0.9992749989605312
43,243373.7126417912,-1,8990.859277870528,0.0,2,0.0011909460138081617
26,118880.89757630644,1,62467.83967469596,0.0,3,0.11844857140396567
45,183968.72945461437,6,80683.79455934526,4739.183745685426,2,0.9986103003290713
72,10000.0,0,77259.7026084382,9460.008709349111,3,0.045605507074591566
35,363764.2452151433,7,6401.986302163095,1695.7947952765658,1,0.9986349154827368
54,122897.13124257168,0,37389.19877311267,20606.305237468834,3,0.015777939617184017
33,100733.56192911511,-1,61742.44004114705,0.0,1,0.005113058976911716
67,161084.36722543323,3,94568.6117760253,5562.777076182685,3,0.8198076723445195
26,245324.67195443608,4,96841.34255184056,18920.93844644737,1,0.9493442561482308
69,173915.6430268039,1,88134.52386789178,12626.70281420683,2,0.1112705340578447
71,169400.70615885314,5,61215.01391223886,5787.595202365073,1,0.9914627088211592
48,239095.6704932223,5,65294.60902841322,0.0,2,0.9873781582115968
38,217058.6988432213,7,148775.45589064225,0.0,2,0.9998576973824048
66,151093.5776057267,5,73674.846496428,0.0,2,0.9929251688748559
69,241810.0330774415,1,50640.195095975396,5712.081415679146,2,0.05518899099583779
56,80384.40949218122,-2,166355.3821850437,8421.915681391194,1,0.0028158826198004857
27,130617.44270000076,-1,47237.1940006601,3367.3980374341227,1,0.0036809359483473414
37,158549.98481661244,5,60677.71348143663,5744.695575241451,2,0.991639670933111
68,198788.4894357921,6,5289.519774191787,3384.6978086227223,3,0.9963993587162011
49,158953.78125843397,1,59265.25743366552,10672.416002625994,1,0.10049457604373632
47,294317.55843405053,3,53288.71408632021,15172.923610665059,3,0.5735009181195544
43,186485.70905769482,7,3089.6903104290977,2603.119655741184,1,0.9994942015668616
70,311282.8315581483,2,65127.310427651755,2763.6089033025764,1,0.21922740168765148
23,157734.34396692255,-1,23224.422522141846,0.0,2,0.002321255255081253
60,161282.52204837324,3,149033.241632345,0.0,2,0.8977135407875698
30,122806.65488593785,6,86514.2240474677,4501.084011082465,1,0.9991605447820155
24,128775.60845923728,6,65415.17425783754,8640.52836090146,4,0.9986547509675722
58,30872.588882233453,-1,85317.87540243112,12642.493653069292,3,0.007961991276265432
46,170771.85279264586,0,0.0,17165.400023722807,2,0.008922049544925911
41,175650.8971735918,3,62087.170505329275,0.0,1,0.7822885707435651
61,249725.11423975503,-2,119471.03029729828,8384.3562504259,2,0.0005979225827745403
33,73777.23718177575,7,42419.02375267326,9328.053960811198,2,0.9998108456951754
44,162741.55899567468,7,87820.2691497951,5435.071685801194,3,0.9997865418069182
49,177625.04610552522,1,38279.365066078346,0.0,2,0.07220007463504759
60,101808.2804460109,1,0.0,50.263074698601486,2,0.07477932140364407
54,101319.69875138011,4,119938.38341252218,14552.671479842695,1,0.9820111817891448
27,102758.4001581543,6,70180.60095538649,7178.529561839283,2,0.9990464343851988
64,182864.07686448144,7,73783.29798476542,0.0,1,0.9997584349710189
72,167482.29988858997,6,75889.04619337757,18147.962638925317,3,0.9984735405606853
68,109233.83001135383,1,72569.93961758965,0.0,2,0.13977454498848255
32,18640.634688936552,3,9007.507673938344,7378.382747696659,3,0.8167444679786522
26,127038.13870873884,5,22361.694797964716,773.5568700073991,3,0.9892430817336464
53,256669.45184387342,6,74229.40050636836,0.0,4,0.9974043058974562
32,190510.94431578892,1,71654.03669919942,16654.038463934987,3,0.08373877845380129
38,275109.8421210068,7,54819.13350384473,0.0,1,0.9995083897282373
66,10000.0,7,97046.78455786276,86.37766345072487,3,0.9999203700209449
56,91831.6232319299,0,114219.18286464248,3128.487024584601,1,0.0492066291261208
74,277059.42213638924,7,105311.44789608009,10394.698010190488,3,0.9996355938787589
48,71247.49016065533,1,86508.58212551428,267.6123648954681,1,0.20402689991843662
67,57375.102361747704,7,41580.82898681736,815.9517030695897,2,0.9998257226597564
70,157614.95802801754,3,68079.74208644072,13933.679924210788,1,0.7977614803492155
57,151882.25855627726,4,41342.56671952708,18625.50740297569,1,0.9466210216219895
35,29889.34812470102,6,88776.27636765229,6163.951535390229,3,0.9994463049281658
57,295514.9621829778,3,31142.073850943365,14981.21256525849,2,0.5303829578021534
29,59448.266558128205,1,3895.4034196898137,0.0,2,0.10007595386820138
28,238102.14796108298,1,47911.31427435685,3260.6995546410917,1,0.061353444649636144
62,216212.5503559272,7,123526.96816589365,10368.385235135467,1,0.9998185677515553
39,182537.29637678634,3,32075.347670099607,0.0,1,0.7172155417116979
52,47289.721913067755,-1,11924.023950385577,8875.524251425553,2,0.0037190486096382825
62,156634.02185295516,5,17180.031289730156,9087.250051123696,1,0.9875407142023255
34,130047.5211377262,4,96926.29523525323,0.0,1,0.9749444015353458
61,102636.37242116344,0,12983.120601243885,7235.032527316329,1,0.016486327618410932
49,92308.2580163319,-1,122656.85373836674,11053.240164829163,2,0.008881811081263584
70,240503.2871182654,0,102662.72728584692,7066.897678997018,2,0.017141391220195205
27,57296.93403122015,7,135774.71431913422,0.0,1,0.9999411568530863
21,115592.00600411076,7,142748.35235432145,4748.2093943578375,1,0.9999222043742505
52,214546.16350298753,-1,106745.16541580258,1334.1036909384425,1,0.0040865002705918994
39,137366.71178510154,0,91894.682583783,10446.24769326119,1,0.030296807772709388
59,96398.9347149377,-2,21526.919220929252,7453.539403148528,1,0.0005758189686904537
26,33228.599615412124,1,64744.36553451415,17007.458944434304,1,0.19835165192042342
42,48717.42761705484,7,1412.1246857077713,4482.00727387996,1,0.9997691712160145
70,250293.80220695952,0,29623.27152465724,1593.6632240500235,2,0.007823519157476819
59,246021.93379082772,0,90958.9232788308,6230.1489175188235,1,0.016014511974996568
42,214000.911211204,2,82208.70928410308,9026.916221718262,2,0.3572693836135034
60,100458.84045706928,3,113330.04842174254,721.2644271278359,3,0.8896169178898015
54,200177.7367780518,-1,123377.91710639818,1545.6473691686497,1,0.0052584317916133825
41,143208.3112175384,5,28456.550491407314,0.0,3,0.9887644393636572
45,176727.37452817982,-1,60983.9886852634,11116.8607381813,1,0.003103115962212025
68,125484.67376931338,1,76293.09432393855,7686.451804729424,1,0.13839869954501344
22,149563.96824513117,-1,64380.86499171053,0.0,2,0.003723436126970867
37,229519.9622759014,4,36526.237921941916,2644.5364946017203,2,0.914702111110204
41,87715.61896916048,5,111080.05248578753,13058.145371883405,3,0.9963633722742704
54,105574.92955168917,7,148339.77311510523,12423.675339045163,2,0.9999212872968382
72,212909.37214385712,7,9787.310265610831,1306.7413237296882,1,0.999435459208229
40,10000.0,4,40733.28608057758,0.0,3,0.9743541320728514
27,174516.16171030002,3,73470.29705317132,14513.851664131193,2,0.7856519606206767
43,267002.80915055133,7,32533.170725417873,0.0,2,0.9993637167472674
46,139816.3594914738,0,112882.75318014107,4686.892175929663,3,0.032530179059290246
71,135064.84921096917,-1,91272.68348664569,0.0,2,0.0050924843690356575
51,126906.4210675746,3,30356.78537781969,13201.39488663708,3,0.7393835276338105
27,189666.70985811827,-2,81783.29547841805,12954.838105275281,2,0.0005867375474827058
30,228215.6054443681,5,24299.09862856478,0.0,3,0.9810563289918592
63,20741.00473115385,0,53959.0329532789,12041.464317938939,1,0.039043292209993634
58,66992.5491842882,-1,24430.03817422618,3903.5577144580175,2,0.0038095550389821123
34,229582.2789379417,-1,53567.850965710844,14296.47012769711,3,0.0018344835212835487
39,182515.26514307453,4,25558.42820771011,737.6795007925084,2,0.9268228234924394
47,121163.11754621234,5,34356.32712214283,0.0,2,0.9912687742804045
68,168481.39103377034,2,43180.13781711478,16558.563782095203,2,0.31562979304146677
53,187236.77463267313,-1,93240.9491296161,2094.1842576664117,1,0.004156522277623867
47,173059.26852924944,1,1955.610953264586,2623.5531315114267,2,0.0517380609264926
35,44348.970436088726,-1,93805.93949900047,7429.0722967414695,1,0.009606822396333004
66,211434.26998091576,-2,75176.41737706344,1295.115938871622,4,0.00041898897781795727
23,246120.42542777752,6,42015.65917829971,9785.663132535523,2,0.9970376376540202
50,212224.45967031893,3,53795.68164029374,10958.147444824554,1,0.7179452907245769
67,82122.6883106634,5,159640.31602276763,3582.1855480733193,1,0.9981558775709038
46,201417.05867005757,-1,41771.074849577686,17436.063027528322,2,0.002010063504818712
59,230035.7928877864,6,59645.53117263424,22494.88893313749,3,0.997394445949755
34,176096.2618693278,6,64139.98006198907,0.0,3,0.9983550626473934
68,178299.99692821034,4,26604.627039482213,11843.041025119233,3,0.9197456884215885
44,104448.88253992476,4,13714.84405215612,0.0,2,0.9464183757860726
63,209752.48122744198,-1,71562.48827609984,0.0,2,0.002709660796521086
44,230310.4091892131,7,0.0,2350.4826472043865,2,0.9992756476647952
35,172543.45050179912,-2,47386.4276432756,11141.969109363872,2,0.00045388800936469424
45,57765.720056842314,2,39115.37877840955,0.0,3,0.45991011500296136
71,198239.67066388007,5,63705.94739899977,0.0,1,0.990344065254314
55,144201.21307795568,7,89031.919280261,15739.77939221164,2,0.999815719194387
58,16922.87522687181,0,99251.15335220323,4067.605230316215,2,0.05994585710899661
51,140121.39028613394,4,110276.07340702541,7538.165929942659,2,0.9741226385909976
37,176524.1084653297,3,84168.48157464256,5025.189318246736,3,0.79387497265889
49,270556.33279456524,4,30433.85577860095,0.0,1,0.8943954361597252
45,282087.8279900222,3,81412.43045946493,0.0,3,0.6704126663359261
57,10000.0,0,62163.850056663614,6678.219427415544,2,0.04300118944636025
36,102759.15338999935,1,44174.91672842336,5380.774591522366,3,0.10629290472798572
59,143247.74279280202,1,55548.833774019295,9417.320284023812,3,0.09238761574519354
62,155039.274877467,4,97819.3452078717,8598.308020042194,2,0.9676355294803326
43,198490.12576143193,1,76590.87087306641,0.0,3,0.08750167044528996
52,15494.616342128837,5,90048.35997083705,3478.3368738504555,1,0.9974791254234249
26,106047.91678630997,-2,59760.98815192423,16367.164087462166,1,0.0008100879485072849
51,25176.625917498663,-1,25597.572042713764,1652.7881400873657,2,0.0049912078870935185
42,160815.16374616587,5,70464.25774447525,0.0,3,0.9918947218907251
53,20048.52820701679,2,9854.500733657937,10512.346476141758,2,0.44675356101045344
53,269790.1263282973,6,100708.07281649267,28708.08568457986,3,0.9978155239534384
54,82929.38405166673,1,18546.291460072986,11033.764431930946,2,0.09591527837612641
59,194672.29301886004,3,32317.66558452477,7053.902120983672,2,0.6789075403090551
48,162876.50261826202,1,44415.09954372684,12433.540371908433,2,0.07992209523037469
53,124950.82585716943,3,86562.32260612815,154.21129547814508,3,0.8423211886032692
32,68044.88716149131,1,11261.70944493141,16024.504849419518,2,0.09742110314093803
68,136660.07188910065,5,57559.349051392135,11747.077155128569,2,0.9920113458293858
32,173147.5117011931,2,73661.80957062944,3265.789354817586,1,0.416566706063247
45,62777.94060490646,5,107966.48594021228,16595.302017930793,2,0.9969268533085927
62,148448.90750812922,3,45077.07314821219,2669.201096188829,1,0.7744003764912294
52,189123.53545991948,0,33844.2590108376,0.0,2,0.011916975218854495
54,174256.15524709845,-1,47333.2475459039,10577.959793624912,3,0.002359728184883987
74,103608.90357850818,4,86003.46651675645,8931.623241182117,2,0.9724604060932351
71,172556.09547681833,0,120573.35835884184,15476.018343887225,1,0.03155606999647547
35,81217.13855596037,1,74846.56002636367,0.0,2,0.16839930040359455
67,168517.59463254292,6,63745.14374474835,0.0,2,0.9984788487190704
32,257425.3018645016,7,46515.534348361696,16935.12292464885,2,0.999455452345228
39,172489.12579680025,-2,51282.26409004772,0.0,1,0.0005239894691912194
56,77082.83390846933,4,29399.971406943416,22781.83309381684,1,0.959988652663431
40,202172.779119041,1,49682.417070026255,3530.6472166168396,2,0.07029508568064165
54,167668.33718347744,7,0.0,2351.0965492774712,3,0.9994561054544866
26,182653.4673968033,0,75296.50006410315,8733.420680133468,1,0.020147438045694094
56,212886.74034085288,7,21034.31653099018,0.0,4,0.9993914094663311
37,176459.84475868134,3,65778.54617954642,6689.302028956865,2,0.7727524835463707
36,93877.27444150299,-2,102696.16604930445,0.0,2,0.0013191982342300793
46,113026.26957054087,2,32373.802304627596,0.0,2,0.38116340799198134
62,174061.06547674176,-1,14035.231396170275,0.0,1,0.0019817839319712714
50,246092.91439825535,5,105104.83353658282,11404.955820637297,4,0.9895371109232958
50,133389.51665498744,-1,62550.615355190326,0.0,2,0.003907038135422538
70,207931.0825944113,0,116357.73058723172,1951.181677853806,2,0.02412997833466174
65,233400.3583152212,6,35115.09316363759,7679.22969546593,1,0.9971516081925065
30,171941.55172612413,5,66032.20528553001,10738.199165857179,2,0.9913644822278131
38,105106.12193128758,-1,72602.7945817242,5014.814614577986,1,0.005455509904678906
40,67891.08279715724,7,85723.29305437593,527.0971488093082,3,0.9998773450723298
47,124113.35521970782,5,77150.98360881922,14455.003903386409,1,0.9944027257915796
64,235001.91666954005,5,69098.84107065898,0.0,3,0.9870886955696223
73,138937.50068071412,6,91499.53559946193,0.0,1,0.9990992219661825
64,90537.84919661729,3,101183.53192739654,0.0,2,0.8897748431505789
43,251372.57256940252,7,34153.62464661329,11257.495717943324,2,0.9994075224085985
56,318300.30997949955,7,27392.135490857163,10206.637242915253,2,0.999051107030739
56,49027.44256702784,0,104788.2438084536,14096.289059341496,2,0.05144792580300939
58,206814.97081984638,-2,55937.476394956546,1104.274312622164,2,0.00040981816529885815
61,208218.8714606075,2,28321.502499737773,4274.610495564577,1,0.26066200261795275
44,23146.53314117377,7,62978.98855735449,0.0,2,0.9998885219989482
64,140733.27689791334,3,46297.46194999697,9940.057461709664,2,0.7675998208837407
69,145525.1722602353,3,47371.081792370525,3983.311387853576,1,0.7795337652704063
47,197201.28571421138,-1,93359.56925839011,13296.837524771456,3,0.003308517362437065
54,216622.27839929122,7,73476.92549781568,14865.650707594024,2,0.9996705346748089
42,147952.1449282046,5,58357.92690543269,3535.2768826958636,2,0.9919685843419438
33,112612.7094688331,1,80718.6070447805,12571.870771647395,2,0.14683818297718618
27,151835.76251221728,-1,50190.973166451266,1729.6071296212003,3,0.00292844730655716
32,21955.382744470684,1,96219.17706593902,287.3143367095863,1,0.27757696695920964
33,57505.36129180007,3,139416.08944827062,5116.374269178085,3,0.9321436070471941
29,197424.7335661141,2,0.0,6031.914375011602,3,0.1998730559611034
62,126834.06386835003,2,18299.667106456975,0.0,3,0.3106393478249998
36,45216.13338022705,2,81561.35582561803,0.0,1,0.6227171590630738
31,177489.077628455,7,83380.06611275057,304.7909851665836,1,0.9997945737618678
70,77052.22595917125,3,16269.620235755334,22684.98592992488,1,0.7825465941007934
74,163294.98844604,5,44540.28418798585,7264.159185642431,1,0.9901510184805671
51,299934.0512125146,-2,60069.79443840405,17529.604111994013,1,0.0002537646291175991
33,151299.64379990552,0,57132.44606507575,11460.952190045246,1,0.019761555566789126
59,153018.61925892287,2,45852.613921227945,0.0,3,0.3400605504860677
35,157851.1884605587,0,49617.049017285244,0.0,1,0.018263425590264296
27,205793.81054893188,-1,9858.528890793124,3923.9407091169187,3,0.0013994255175881893
38,255886.59736528335,7,2079.572136888477,1242.9541238882834,1,0.9992397984047883
42,150820.5612096537,7,51112.635326910306,12831.075161776325,1,0.9997417357730818
73,212072.86875566305,0,60074.977451023035,22869.236864226285,3,0.011571499450189218
28,105388.54488882948,3,41376.512904176765,5440.420418517488,2,0.8023860616574782
28,278541.2713235811,7,39763.687756178624,0.0,3,0.9993320036754834
27,95681.07981610266,0,61746.91995104295,17039.1657072944,1,0.02811577711798662
29,10000.0,5,62937.9879702009,11192.441284859986,2,0.9965282593665623
36,224945.61345481055,4,25629.444058744746,8198.05635698895,3,0.900155922697094
23,248194.7643672778,2,17559.10192631599,7234.132944214014,4,0.17196616785312596
47,29431.457867960038,-1,0.0,10580.486325524798,3,0.003401070135677125
25,199527.95630273208,3,97466.41975903588,4279.000206357149,2,0.8077974982574965
24,10000.0,2,80664.59996206276,14558.918282408875,1,0.659756278374094
73,177104.2467370971,0,17282.70472550587,3135.699029854917,1,0.01121874984966422
46,117731.5121286959,0,114787.2284704317,0.0,2,0.04079460743913004
57,247959.651672578,1,85013.1038864181,13656.707123318954,2,0.0734068305350552
44,243819.8705318016,3,60945.72123307912,0.0,1,0.7036789894495846
70,97604.08398893013,-2,102151.71617488057,407.2175306042218,3,0.0011553828706105313
29,264262.43758880947,2,88200.64285892587,14374.15815422679,2,0.30478602215017453
64,113727.1968033046,0,100224.4346689333,6135.43394408663,3,0.03251945866687355
57,299084.5328238697,6,113759.3483880697,22807.877580600834,2,0.9979199381881484
37,155187.51661099723,2,15674.394166873542,3892.88097365958,2,0.28739779048387093
44,201090.6528628319,-2,7276.638071367102,565.6422849382097,3,0.0002427097657910838
28,234347.29966489103,6,64817.186782917524,9540.276766676292,3,0.9976445735099043
43,75461.7722776151,3,43683.852761679,3936.856275291052,3,0.8205579342555913
36,152526.91307522365,6,34630.103552946035,13553.597775421453,2,0.9981033490884407
61,214119.50029951794,3,95996.12628198953,0.0,3,0.7761194090221254
29,137648.4645128167,7,77283.94614111939,13250.683665658056,1,0.9998196043643345
50,244742.96134049224,4,142806.89032712832,3480.575007871128,2,0.966606871405588
41,10000.0,7,85188.76839600859,0.0,3,0.9999122076063088
33,251967.6951625424,0,12158.171503405349,9061.221859083973,1,0.007029669529473836
62,206460.55626703805,-2,125493.46461968601,9032.39162031225,1,0.0008768042624757853
39,135268.31124708476,1,114518.07221879714,9238.52608120953,1,0.18728811208360957
46,152867.31176111993,6,86032.51205041447,19201.214189067847,3,0.9987654430466323
63,272309.26992024144,-2,91190.4206551103,1648.806254439081,2,0.00039916266110184677
33,122295.57215086446,6,50316.740811144264,7207.409038874849,2,0.9986798738364446
63,52729.25228523456,4,36255.2406146577,14638.342576977364,2,0.9657956038408374
21,185862.51093317376,-1,82788.87444460345,0.0,1,0.003909408186772059
27,282927.091311206,-1,34084.098008811314,0.0,2,0.0012434080874592572
21,117230.13013436712,-1,36152.264327995515,9915.28127759204,1,0.0034963415423974703
26,66944.8160761792,4,69271.7930513316,10298.760652784687,1,0.9763271873404247
38,67792.42168457802,3,72762.32547296745,11641.278932361907,3,0.8635441275168415
64,141914.3156488795,5,35359.88469821468,10412.399120934455,1,0.9904389976362834
67,269705.28133791155,0,38545.05920954465,0.0,3,0.007198356883250794
30,174406.00385750705,2,149311.87088506995,0.0,4,0.559289158800605
71,66748.68167787393,0,20150.414107384044,18815.018783059593,3,0.01810775663249729
59,104274.71023241317,2,86204.03500818132,6146.526804653896,1,0.5399629339667007
46,116577.70952994747,5,79020.07504710472,0.0,3,0.9942382864054413
61,192351.3199428964,1,32472.910370698606,23388.958281185147,1,0.0619367865391732
60,118986.32448493168,-1,96073.7390884746,4267.768453839972,3,0.005460334592066205
60,126324.00307151752,6,28567.457289390884,6256.211020737084,2,0.9982684698885032
73,62448.8751116776,-1,2039.0758740985038,0.0,1,0.003326457223189304
33,44991.37442015072,-2,44545.77381028507,14828.951628880539,2,0.0009208487173895113
38,112886.96591409855,-1,61880.637016511246,11160.572256887517,2,0.004266576322587854
62,281180.5628415633,-2,13152.929727526702,0.0,2,0.00017037406322108727
53,117127.00625178593,2,25150.54982616332,0.0,1,0.37293819238074655
47,215460.61432610342,4,90148.71285768178,14260.9050079499,3,0.9473600914474081
34,143529.62652140643,5,43150.56548223326,1417.8050976019276,1,0.9915950855255415
72,159593.74173546396,1,12470.088365062751,10846.188087616978,1,0.06285419071868084
29,264375.10602533503,-1,23242.79280477156,4530.806360978446,2,0.0012186844398629731
57,160914.48869224527,2,56439.83708051898,0.0,3,0.3548080574147731
25,96136.24522443213,7,71268.42130445695,2309.5844292576376,2,0.9998447978051523
27,123137.30591793524,0,46669.570070019625,617.9475337596978,1,0.02176136537530225
35,67767.35639749144,2,100634.55733144746,9573.385839592513,2,0.614204378472749
52,121555.04346257565,-2,88294.64452840247,850.2888319087033,2,0.0009492679740311656
53,90755.32233916366,6,76437.73618173078,2586.608235285275,2,0.9991579200073841
46,137482.12920796516,1,17008.01865603179,0.0,1,0.07839132418088511
59,278542.13778777194,6,83498.52137236523,13868.08475521978,3,0.9973695354748183
56,223467.0550013841,3,51218.5151053376,4152.576978905236,3,0.6719955571575565
39,109374.80471134186,-2,70227.76214897723,2194.7000697474755,3,0.0007951151656229957
49,159228.14988273184,-1,31796.8341511491,18566.09476915816,3,0.002149096566597809
52,149256.49712183632,5,133882.45583140623,11117.068463572772,1,0.9964047058407833
64,42319.78199831273,-2,105722.2156149854,0.0,2,0.0017902461646113579
51,196829.69847142015,7,84560.70462094023,0.0,2,0.9997515211033465
40,257809.36560883332,-1,69457.60542787203,7767.42959640899,1,0.0021419311770698645
52,61817.09545433801,0,31389.408821585675,6119.476637043433,2,0.023723117353018425
57,112293.86909814362,4,62155.04545946274,13300.820249363214,1,0.965772100140503
45,186839.0175037739,4,42517.0098944833,6638.9183162174995,2,0.9348339364769149
28,116789.17376743237,6,18053.55872631955,7254.892141214557,2,0.9982255753673437
56,165884.40715098876,0,96473.65393912997,0.0,1,0.027432918448765164
52,247738.3797849397,-2,68746.84928036989,4707.000407025557,2,0.0003658968235496288
57,254906.5131708529,6,87537.1338093218,5018.435339545301,1,0.9981490133812126
49,205900.3742187037,2,121332.28739929943,0.0,4,0.4368520945176283
47,58852.71856733489,-1,75196.89943166998,0.0,3,0.006424131476079154
74,175589.3880745216,-2,6493.683837909935,0.0,1,0.00031308474024940527
21,118828.84369212521,-2,129095.51590346843,19709.314738670575,2,0.0014239845331184265
22,102333.77452594307,4,58631.69836336862,1679.8671835962123,2,0.9665581740564346
36,138024.16303572583,0,71415.08224238215,3558.08413609123,2,0.023516193959620423
36,197100.3836996383,7,59730.394592225275,0.0,3,0.9996599622862615
28,187842.91070902726,1,485.4847854172913,16275.2959954605,1,0.04899266942171661
35,187530.17212206335,2,39190.061683450454,9332.806013381589,1,0.31001141981704533
55,98303.35812856612,3,59143.563446429056,0.0,4,0.8140553686452873
72,95471.36577527112,6,76150.49281509388,2183.065450944618,2,0.9991165754954188
69,208219.41541530268,5,49991.458926457344,0.0,2,0.9874054685461625
67,171119.17281686593,2,72945.88290393824,4200.825345370732,2,0.3916443916129106
57,159782.7468914254,0,71181.62640189409,6974.086291847795,2,0.020074047621743595
70,170647.5381778144,2,55624.92198934516,1765.1948567646245,2,0.35171688055573586
51,166408.41705845736,6,64336.634360667755,0.0,2,0.9985299352785326
68,100693.20724779637,-1,116228.53170285208,13666.852509238248,3,0.007187974749669743
27,304368.6511730404,3,56468.96405141274,5741.892722789355,3,0.5795035685341966
73,175619.87838939257,0,72719.63476151144,7214.720786885037,3,0.017090446236690645
23,118611.86243870688,2,68236.57230404367,0.0,1,0.48655447000323854
38,172416.98567125088,2,102588.21109437653,15888.190681398999,2,0.46215551075309247
64,308598.5063650374,-1,97848.4598021351,10428.061369297471,1,0.0020648900265492444
46,248622.63917557558,4,125100.92494762948,695.5987617133624,3,0.9569918463322296
44,82124.10011239552,0,56473.73561880388,5236.759904030461,1,0.02942834726134333
49,332668.02246831474,6,35407.98340887526,0.0,1,0.995133330613698
29,145391.14078000397,5,116454.92558488758,0.0,2,0.9957466706303042
70,103883.93005143359,0,62962.35265541241,0.0,4,0.022393967146428172
25,251237.86222610166,3,64625.54628234381,6550.11803508263,1,0.7019539680672218
66,184065.61867610735,4,111663.92492225848,0.0,2,0.9675477205566838
71,280479.3656739547,4,87867.67106788942,0.0,2,0.9295214221811987
72,124803.52676946629,1,53920.68351207914,18511.290574905364,2,0.10287285761735497
53,190734.11660064635,4,25871.0404282124,21942.407414854668,2,0.9176305157254043
44,42715.77289597261,-1,51557.01585724836,8501.857773225021,4,0.0050348933875244755
36,162398.38298706096,6,83770.84459526213,6721.119617300184,4,0.9986372652867402
36,58072.61124486361,1,82052.6601752213,0.0,2,0.19973434543157234
66,126745.25156463227,2,88933.29577850366,2806.8339064771403,1,0.5151929387649501
61,73006.80637849242,6,102828.10255277163,0.0,2,0.9994223597859196
23,438374.8539345815,0,14323.696268323729,8618.677477203822,2,0.002283754954762456
28,234625.22841232616,3,109832.0713507987,9127.611701176784,2,0.792319778193997
68,55394.58476517619,2,27760.035866972732,16355.437466729889,2,0.43293078466982066
43,176169.6152374134,-1,96704.77091337655,0.0,1,0.004671585337828925
60,151535.4759833012,5,25239.335188705874,0.0,4,0.9866940841547298
42,241346.25633023615,-1,67185.48040421454,17581.02832257782,4,0.0018028344577667528
56,104297.99070491616,-1,39096.05156068717,14045.16212111728,1,0.003705036502511302
61,275494.5178896045,0,104019.90866100692,7229.568663722856,2,0.014320226886362334
48,150030.43894537113,-2,6277.52168699239,0.0,1,0.00037223597621798444
64,303245.7796796982,3,104455.92891753912,1631.5122466303374,2,0.704857287824853
26,98894.55841137259,-1,24089.7055154916,19317.553608184837,2,0.0030916024970676814
35,45142.67588015238,2,70207.13446768156,3320.4896419836123,1,0.5925074985249668
34,84007.52595891363,6,66482.60382978743,0.0,1,0.999186375418288
58,159245.46019755918,4,35251.38009791683,0.0,2,0.9404233336182608
22,208629.27132234833,0,5144.319380418761,6860.272166457913,1,0.008568840230757907
68,123556.99470106051,-2,6525.0173108951785,8747.772461564558,1,0.00041520427462697206
48,281380.6093780893,2,116952.71883147553,2692.104364748898,3,0.33652836384647294
45,231910.9614860603,6,43007.59307728691,11817.830972486812,2,0.9972240664678242
23,199358.9606313783,4,69377.0690850992,0.0,1,0.9517283971860129
26,94202.69481584257,0,55432.42298946335,17750.11158559697,2,0.024811704361317466
29,233618.3805589091,3,14625.309718228666,10240.128955700078,3,0.5711089489304689
45,192521.7484348982,4,92839.02733135177,5818.6832247135535,3,0.9561473245976738
74,88969.18150991699,3,65519.147996097054,5399.120504023284,3,0.8363353017331229
72,94314.57775697415,-2,75949.33517002511,15131.517168298828,2,0.0009171552611736887
44,89321.47954984983,6,67956.8780912575,1194.6961408541188,1,0.9991618932860261
72,122464.21534149002,2,44460.001691265905,0.0,3,0.37491967653340086
35,132779.47060627068,1,38707.86432308335,6490.296684892739,2,0.09164576938220216
33,41219.80751394655,7,130455.87801304233,17099.65008567855,2,0.9999354054385793
41,75770.96260507838,7,46299.45767372062,5981.775831932837,1,0.9998291866910171
39,61764.64103033731,-2,85535.66745615772,2839.07411464948,1,0.0014135178287286408
42,171513.10877027467,2,90323.61896911368,0.0,4,0.4095455623124858
30,46408.519430062384,0,115689.42746707294,10764.215382082422,2,0.060091899396172106
68,10000.0,0,64011.488379280396,3990.160327260406,2,0.043709638496827685
55,199478.91299920005,6,138999.94745357183,0.0,3,0.9991104718133337
70,92844.42728444946,1,55844.05848681428,0.0,4,0.11538696062374516
30,251667.85567779694,0,154394.45777661176,4747.077722863739,3,0.026503929683786044
39,207882.15004009684,3,75216.02971504256,0.0,3,0.7477712490851967
39,117130.01998530797,0,68421.7796543529,15125.597161840135,3,0.023063362171578193
35,57752.925753223346,6,62821.29834080716,3344.2233408847314,2,0.9992132056289073
68,80248.70477313186,2,113859.83115406439,0.0,4,0.5954220074572716
47,157926.98445291517,6,27937.091082893185,13680.44632788394,3,0.9977244449904786
47,268320.28932932834,6,132980.5580738389,7488.800135995618,4,0.9984549864134865
66,250292.66712627967,1,14385.734506877496,6912.951312686186,4,0.03209677477573506
71,114522.19892845159,1,116969.53739354116,10307.571617623187,1,0.20491645623539448
58,297925.8306812283,-1,46107.8501447693,1236.1809866481012,2,0.0012455733786207541
58,93206.24774111892,2,86274.19970948668,0.0,1,0.5614207460300341
57,38105.724996648554,3,182099.57274425682,7346.620255227179,2,0.9613648164790419
56,237280.27890025743,-1,149337.50220490375,0.0,3,0.004821553311729942
63,107171.06765688263,3,37965.4358331602,7906.507522363332,2,0.7880254211771848
47,206478.15110311893,-2,65668.1238216618,9987.769914131433,1,0.0004783266068601384
56,172441.0675779587,3,51348.933587538995,4615.2018736419195,2,0.7477296745935106
45,167312.71097416664,2,57485.649104999204,0.0,4,0.335513195374524
72,123359.5290382232,-2,67444.4452977493,10537.730767695306,1,0.0007719893454183796
25,161483.24197306056,3,36861.02500926562,2043.8050219602464,2,0.7388599662263349
21,307696.9277984024,2,39749.81652423576,6307.992637888282,2,0.1757813945075966
45,176034.72328852367,2,61376.78669856714,12438.538139292968,2,0.3556975130426739
60,151131.52760749092,7,42018.96116399244,0.0,1,0.9997226412451228
31,81957.13748991398,7,132364.7945232471,130.38243566875735,3,0.9999185542512008
22,51117.43193852372,2,102137.0791577904,4413.775650844436,3,0.6311891283031476
35,229655.8798305766,-1,96666.99458737127,0.0,2,0.0032108769517525605
37,92595.66862660207,3,106797.98061565639,3645.651323016057,1,0.9019853379390307
41,65411.352472350816,-2,62125.745691110584,0.0,1,0.0010948217376163985
32,314939.5950200289,3,44701.468816779954,5000.639200105178,1,0.5685095371435956
34,274674.6027469324,4,54925.11566218226,6555.37169146542,1,0.9136091470189158
56,187985.9590555408,-1,121768.01714246886,1465.6109913210107,2,0.005168200518849375
22,10000.0,0,62929.76484706816,5119.447888421342,1,0.048126269867006195
29,160543.60439806295,3,74456.47903967375,0.0,3,0.7967547733443151
64,97198.31969497462,-1,95896.48264474551,16281.646936586923,1,0.006818357643151102
21,10000.0,7,74599.49665638701,16228.09957655684,2,0.9999056116569027
65,154115.16118720596,-1,129223.70076721541,0.0,2,0.006768902853941504
59,193447.99331131775,5,53672.568614359916,9737.240889844907,2,0.9886179880230407
35,182607.2369834705,4,126656.12071599184,11636.783628060646,2,0.9720964262457054
67,114308.06792572391,3,56740.066261069565,15771.703644329235,2,0.807742963607202
64,148967.63233277807,2,67174.7758840465,0.0,3,0.39556466193814754
23,164767.76012842017,4,25179.69411839595,10812.682686054044,3,0.9276496080195173
72,221727.87631266363,1,83968.34597791197,634.5805701876179,1,0.09161246249097033
55,111896.35076123729,1,99562.70664385305,0.0,2,0.17636443546768246
74,62857.39463072867,6,0.0,0.0,2,0.998407078994945
45,95899.28995282079,2,6543.67712865075,14095.478885858643,3,0.31716596236338196
28,13175.808383948519,5,80657.17820462576,11631.211666822262,1,0.9972518451481523
50,114226.73032526189,5,83024.53317426002,0.0,1,0.9952409992812122
24,79896.05890237259,-2,65045.50868266841,1043.8422629110905,2,0.0009790150714765315
51,101420.50024074866,0,36602.5070296681,20244.12817686503,1,0.020424649009381464
66,69629.08494640353,1,87670.69812624223,2132.4161536949396,2,0.19245087284742737
35,358673.72846973664,6,101162.81752494024,17959.609272794514,3,0.9965332638677085
30,271563.43944112974,1,93536.2992515082,5817.772354835477,2,0.07354455509534914
44,59052.08284013915,7,72195.99069650573,0.0,3,0.9998657779405492
25,137718.64407395353,6,140605.98252448102,16176.845874223603,2,0.9994185069584004
62,103009.52209429414,5,96299.88008501957,7345.6009587804165,2,0.9956765557246311
43,62986.07916366299,4,56887.43631465377,0.0,1,0.9742146675546886
43,272314.53815471847,0,49770.86551578669,0.0,2,0.008732773908179402
61,283495.86857058556,4,8360.898652864656,24252.410870058444,3,0.8320513392601384
37,125847.46375569669,0,41251.8962386137,0.0,3,0.01752800431984679
60,188730.70420574312,4,63949.42874498324,17885.849121188607,2,0.9438552447639909
59,10000.0,-2,106453.85728946471,0.0,2,0.0021897904711447405
26,153047.9312332491,5,47694.70868647717,1621.771252625399,3,0.9903189620925622
66,189983.1549728698,-1,25416.37426166347,0.0,1,0.002022383828742835
61,73568.42992477347,5,17076.39464458922,20419.319745805493,3,0.9908170972844461
55,213542.74810906587,-2,25091.608558348475,543.9417179195707,2,0.0002878995700499121
51,217676.66301055608,6,7391.501152016179,4888.662518153709,2,0.9963753541189396
53,172702.91690990276,7,52097.21553887252,2699.9103569224385,1,0.999715827792922
22,120831.05047693106,5,0.0,7776.061964644123,1,0.9884420462458687
51,146312.50726512354,4,88114.23353591963,0.0,3,0.9650151729273615
33,229528.54438258987,2,37542.60572310189,11768.89563884399,1,0.25555595018421084
74,193394.25278550535,6,69265.10181715689,1775.5251756665298,2,0.9983166755440578
34,221160.83265174454,-2,91066.29136795971,12930.196011182183,1,0.0005722806000997722
72,180262.06657431799,5,1180.432754384281,0.0,4,0.9797179187888365
64,150188.25526702756,0,18129.689531926677,7610.562749525463,4,0.010668181665489797
22,139557.32354091524,5,34623.587228374556,9970.64076518287,2,0.9902330630063573
29,60723.39945227947,-2,97402.91342336795,12184.074862929718,2,0.0014672176085316093
62,131337.88092127297,0,28991.447427632695,0.0,2,0.015686043908205743
37,231010.29271724756,3,74374.91661370205,10850.286055732264,2,0.7269921836492536
71,220976.85238142853,7,52535.0185383316,0.0,1,0.9996213266248404
36,95486.11422531644,1,81606.55865125045,7530.633876378452,1,0.1727876051561789
59,98689.82082557789,4,64092.65046628337,592.7965414500595,1,0.9700945052782869
33,264133.91227683343,0,108260.67648437849,1893.2435598937395,3,0.015569844186742477
47,184883.80634987104,-1,57144.09231461912,2412.17433211856,1,0.00292045009405755
32,272572.6591168623,1,63935.16448998775,16913.486695532294,3,0.049547220984708096
48,266244.9787716479,2,93092.32692255628,89.31649186541836,2,0.31918582969008025
48,218730.20111712377,2,31715.783066760167,12672.345128495814,1,0.25278150156421547
55,146540.35358233668,1,95989.7567233206,0.0,1,0.15308964736687725
31,117644.53362422095,4,93912.48959675856,9546.657152076055,1,0.9752640252855671
37,81478.54304999406,2,1691.3888548672257,0.0,1,0.3688141833770431
41,218890.60575212157,6,38606.59309239629,20559.069134769285,2,0.9972408562079114
42,128776.26960459365,3,126798.89242656509,2730.838150352753,3,0.8880663736458716
53,120251.29474065501,-1,50253.21938222602,6409.240522404147,2,0.0036292987902852604
73,27628.211001728676,1,0.0,0.0,3,0.10303329742353627
57,185014.15857198136,1,109476.516541099,2587.7183010315325,2,0.13265659447258737
57,173899.3270389774,3,50165.4877535422,0.0,1,0.7595909387225802
63,272850.87583185534,7,32023.603913528867,9925.191546620377,2,0.9993025945231198
28,218316.02352045116,3,59363.92355435817,326.59947937975176,2,0.7195336193595389
31,26115.846004321313,-1,52946.072301335545,0.0,2,0.00673954094368581
61,200155.04769691586,-2,31716.77369890451,0.0,1,0.00035630966264109674
33,194302.6708916541,1,51969.71562892936,0.0,2,0.07628335328762557
38,175721.65685021397,3,72129.59090865639,0.0,3,0.7763131704742755
22,110984.91657591017,2,85713.56945373752,0.0,3,0.5078457458082412
62,189473.98335325407,6,57882.748287371156,0.0,3,0.9980497386799159
70,147769.56234914713,1,123992.13589028297,11746.134143242733,2,0.17474527324000327
32,159639.50611867462,6,68996.77817530616,14507.45496908911,1,0.9987081126033052
36,104261.81016362678,2,13914.672529230636,25448.30279392243,2,0.3323455645627577
64,131890.1585783323,0,61246.16809017772,283.3551281385953,2,0.021622475271605168
69,245410.58775533608,-1,29173.385218236024,3869.2529889179723,4,0.0012116221564842055
52,196413.43738269072,6,65978.89588328132,4761.786449640912,2,0.9982484740803601
41,215165.56792289732,2,59020.2502398488,0.0,1,0.32465720103865736
35,95403.28779137386,-2,43409.35526555954,0.0,2,0.0007098712566755581
42,226350.63508572173,-2,58852.5858924096,0.0,3,0.00035790655851510516
52,400960.89402214764,0,71526.62981440384,19986.47923626159,2,0.004794673014153115
43,195194.55276869296,3,0.0,1666.4387909547963,3,0.5926239771043769
33,146875.70195401306,3,23435.070083280247,4077.240649773744,4,0.6966553956468581
29,157839.84123160166,6,80742.76039694404,0.0,1,0.9989233115635193
67,10000.0,-2,48181.51240778165,3741.195557948746,3,0.0010967782293010736
28,214856.03866898274,2,118160.61697226716,13640.474521130247,2,0.44465776907745974
74,203295.01365658705,2,63452.665539538764,2260.887874553657,1,0.3414120451641052
36,113352.12917157746,3,126026.8125269729,5718.041444316177,2,0.9020440825560088
48,183487.18237601436,-2,60132.90668837593,10740.514054416359,3,0.0004473799497011426
23,222652.44242171358,0,95097.76732736897,0.0,2,0.018834222642683716
72,199079.44206321,0,30748.994202337784,14218.523258310497,3,0.009518472277061709
39,145042.18488985917,1,38852.65410044723,11277.030041380418,1,0.09003528122725858
70,274833.62418707873,3,40846.019401897254,0.0,3,0.5766323781723021
32,206778.9782383143,6,55380.22105618882,0.0,3,0.997849956968652
48,168192.65978433483,-1,86427.01356141786,294.77902574006384,1,0.004377563468139211
67,186217.0365432843,-2,44177.646608522264,19934.120720713647,4,0.0003314116537241866
31,199033.92008135488,5,21710.936338106018,2530.1851299397053,2,0.9845203956163148
71,196770.857327514,3,3489.249349784237,0.0,1,0.6272759729945877
63,173267.7159698053,4,43933.60183459036,6505.375674448361,2,0.9393636269262048
24,130222.99055512753,0,30130.55410500201,15706.64568545103,2,0.015750121087114582
24,303072.00506705104,-1,30108.39959437815,15315.120245282786,1,0.0010855681296510391
28,200470.50813115662,0,0.0,0.0,1,0.00866523250133144
39,150113.66586584787,0,104008.10399860167,10134.249060512508,1,0.03184537997382006
22,133378.96429527452,-1,90375.92520813525,10627.061156140146,4,0.004487623595352612
65,191624.5619894833,0,23197.71247353716,0.0,1,0.011154328610181747
56,287423.5706985646,2,71476.3647625347,10330.393044581426,3,0.22848969974812663
30,142715.64306301225,6,40640.608240420544,0.0,1,0.9985081202569769
50,169544.8635246561,-1,42721.59573325138,0.0,3,0.002403987173677198
65,10000.0,6,60745.96142899077,15288.898246514185,3,0.999301517347933
23,10000.0,4,10152.12448175258,13699.814736558803,2,0.9665538742728232
65,127920.77005784263,4,49151.638290786665,3777.863995226581,4,0.9491114778126372
64,166699.434629059,7,31733.455060850472,5528.379546866201,1,0.999654574199666
74,212191.34854574339,4,70536.62614724653,9315.346873562477,1,0.9446670607951226
40,172539.58986432364,-2,0.0,17138.20260309476,3,0.0002530374267915206
64,315642.18011198455,-2,22188.580107504,7621.467217156587,1,0.00015964099863301714
57,226119.0964183647,3,99298.00120108094,183.57534419445074,2,0.7825897563548961
31,238597.89764091512,5,22940.17577815077,0.0,3,0.9795939296655302
27,280598.74854463676,4,79184.53340166707,4486.232063984215,3,0.9203452714092716
50,248948.1948442238,1,0.0,6451.094009294755,2,0.032646790698541865
33,233743.60573637893,3,122291.49904088056,791.3874134791349,3,0.8060829281311451
52,289970.5751317608,-1,82356.36781154542,483.41355533749993,2,0.0019123096902482763
36,111134.63722758091,1,0.0,2283.3028903648064,1,0.07703384042124653
57,129242.26187890698,6,53843.18521387865,9289.631057020857,1,0.9987262033872005
42,129253.77261436729,6,146762.28976061835,4022.5798813549227,3,0.9994555415326987
22,99990.25017893905,7,143340.02906220983,723.3675851817152,3,0.9999197349794485
43,171891.05422246142,4,71937.00966348019,7617.271010829914,1,0.9578777238634382
21,70080.76096699471,1,35083.5388740543,5586.022474766564,3,0.11737604341837587
30,196673.90343901567,-2,0.0,7395.746439469631,2,0.00024578285578678714
71,75166.1284640772,4,68923.65655834739,4418.222079475763,3,0.9707365493262285
50,84814.2604169996,7,95080.50422179104,7540.44447618433,2,0.9998815787460913
50,361203.3184275561,4,20555.958586712462,17271.410855579707,2,0.798204332706557
33,86826.47664178717,3,109296.60228622737,0.0,2,0.9024273513643578
71,133964.08657893675,6,93141.12405015854,8022.9836118736375,3,0.9989852304195567
36,207882.60406293249,3,9096.775821501345,9606.679606061221,1,0.6262749348137227
33,118485.6802043472,7,59970.728950135206,0.0,3,0.9997866124699574
42,196407.46205755512,0,26473.22887081575,0.0,1,0.01147240563804082
65,265894.7296515335,6,37256.77910630415,0.0,2,0.9964757952625813
29,34840.07756690477,0,42372.87101185383,11577.00490775454,2,0.03103655073066561
56,183704.43830004852,4,97859.37083801714,0.0,2,0.9631860320765516
59,178526.91589011054,5,73896.07621094547,4650.48610949644,1,0.9922153050620667
67,138764.35553097998,-1,18496.144897095684,9693.656155638222,1,0.0024588135843332908
28,182040.62605392584,4,57829.33905382805,21904.763192322735,1,0.9471915098283749
49,132987.12462566895,5,76377.15218262344,10916.768188205653,3,0.9932303514568849
58,149299.3741274299,5,94826.1048653996,7544.5821914262015,1,0.9946574790354942
55,217241.26801317104,1,173051.2187368795,0.0,4,0.17647524652749777
27,199498.50975193185,1,85316.10629159232,0.0,2,0.10210324168682168
40,190433.6018881645,5,0.0,6639.633453793469,3,0.9798843282759397
53,153469.5556282934,5,0.0,12785.544257256339,2,0.9843276995466618
25,242292.0783055937,4,141297.16448634397,9001.03027438654,1,0.9689674524423787
21,180416.12062820958,3,9254.84379030986,6524.483180800007,1,0.6690111880217425
50,304884.57191071415,6,0.0,5852.616205172282,1,0.9939242556162307
34,93804.93449016463,7,56734.03326745873,1320.0325333758033,2,0.999821109687264
21,246109.6091943739,2,0.0,4433.063308980475,1,0.17972238927829703
29,37550.436315747414,6,135755.84112110332,0.0,3,0.9996526460440783
44,18707.312933520647,5,39159.20597702837,10295.48623235099,1,0.9955997619761526
58,313016.932895049,5,43154.583445324235,6828.502933810881,1,0.9767076632263455
45,172895.1733945941,7,35678.239946327696,5837.818876622041,1,0.9996621289800617
57,107485.38927026704,6,98897.93692427155,4978.4440736938395,2,0.9992546863940136
27,317460.5478668075,6,137136.61222122805,6395.247968513718,1,0.9984391229479841
33,199481.3050350711,7,28646.493674222624,5899.735906514829,2,0.9995497254408382
51,83935.52616898809,4,86887.4118875497,0.0,2,0.9768096517149124
58,103868.55369839902,7,57858.883494105175,15758.225436763023,2,0.9997986384586987
69,254399.19791644136,0,35304.797170430444,18060.71999826142,2,0.007681719535442108
21,197416.51717729506,-2,29752.0718408532,805.8449555855968,2,0.0003430171655545804
41,10000.0,1,43343.0623065121,6726.925870486695,1,0.1880720603901069
56,158199.63753005434,-1,72453.4601178801,12322.180543778863,2,0.0035739703437512793
60,95465.24180143185,7,29204.995151695606,16256.63683893309,2,0.9997413790299271
45,154388.9211201596,1,68811.73790094553,8631.498203113002,3,0.10004151252529725
63,165279.9690870134,1,93788.14126908635,3861.4298429392666,2,0.12629055283718188
34,161154.99638917018,0,27744.616926491002,24152.283769578098,4,0.010777231443428075
53,265292.01341269806,5,43794.94193426139,18640.05676400863,1,0.9818090654737293
68,115327.42871225355,-2,63118.392286525916,6765.887920687651,2,0.0007330426750703344
32,133267.04485351418,7,49183.11741151981,0.0,3,0.9997401483958365
68,226398.41075934173,7,0.0,12137.940919882436,1,0.999302419024757
21,143955.7955841878,-1,75198.04935553813,14412.445905269675,3,0.003827871028392956
73,119566.8239926103,-1,53810.232288988445,525.548571746498,2,0.0037782812294766942
61,74638.2612181985,7,34668.48918956185,24270.597265376997,1,0.9997927899123057
55,114180.16517869657,7,58121.45855668105,13034.880714792453,2,0.9997891997783322
74,245673.6726435153,-2,96138.20159032207,0.0,2,0.0004883539182609164
39,131967.40240365986,-1,40789.32680066093,0.0,2,0.0031832411834507406
73,232324.30571079426,6,40634.56230670991,0.0,1,0.9973717164777512
52,124948.72126640692,7,127717.40558952518,8625.088966999992,2,0.9998924602898858
49,37236.94398284271,2,78180.65733735326,0.0,1,0.6224924363550619
58,162474.775925321,7,11714.483999444543,7262.708935683513,1,0.9995857332250051
31,159707.23076939053,2,87026.72980110437,0.0,2,0.45539619599252656
70,145395.02928620589,7,83081.98812906108,14813.296701722138,2,0.9998003403151646
74,176518.60536674017,2,32790.75717582755,9711.365075916136,3,0.2724426629413164
44,145860.20072046507,4,7452.3932673569725,23906.30603156625,2,0.9231324287468838
64,114295.68322217,2,66791.95877547462,9893.418206895043,1,0.47097258505489864
31,18595.53027797764,7,56200.031130348056,22871.68821926604,3,0.9998670555359136
64,211169.74566520154,2,141549.4255921875,25299.00549814989,3,0.4741985359544492
62,97121.40517591377,1,71988.786050039,0.0,2,0.14851574958575048
24,118051.13544035848,-2,84724.73208884482,0.0,3,0.0008971675234267668
70,138995.14872324097,-1,40544.33636183466,5997.826448455909,2,0.002898770537784792
66,106371.01340534259,6,24167.215884407167,0.0,2,0.9984110803720897
31,10000.0,1,11324.058891990579,0.0,3,0.1298388153518766
37,195361.86443637474,-1,116972.35165506892,8858.547672937611,2,0.004686520284581487
46,112744.43501161822,6,19029.83393036283,3789.679430712189,2,0.9982735274019453
59,178809.7850861088,4,88054.21713544858,8215.612373818598,3,0.9565348435713417
29,234801.1593761281,5,0.0,9132.176557761915,2,0.975852069719291
42,245107.60439503612,7,52611.98023153824,0.0,1,0.9995764419558358
27,109753.77294273669,-1,93494.3841215522,0.0,3,0.005876887018841563
69,97332.7885589079,-1,73627.54486453166,4423.142884974508,2,0.005227439140155924
35,280292.1688879294,0,24559.89144268474,984.4415699387873,3,0.006030356492909271
54,137221.14997725445,-1,50408.15308789429,0.0,1,0.003603068333197705
52,155330.99886136226,6,74436.2874594944,0.0,1,0.998841788090559
21,86623.97242358612,0,16994.47906500403,11832.618564228627,2,0.017993703656525452
32,158171.46947232485,2,57880.58010497831,11458.012593681406,2,0.37530622714823064
38,177549.5373964001,-1,51031.21983022269,11761.931759859352,2,0.002610531109423842
45,179185.8834426538,2,86103.40818286508,7313.43591170215,3,0.3987099514869204
36,76562.61093192057,3,115633.60442600495,0.0,3,0.9069228739858236
22,202619.99029942544,-1,55567.4717496595,0.0,2,0.002494207624952263
61,263728.9476817091,3,10066.03394828493,6421.725947401668,1,0.5460946720084596
59,156195.90112164503,6,112792.79940525175,8108.18000444041,1,0.9991897200496132
38,48323.60763955393,5,0.0,15215.598268361016,1,0.9921038237203043
21,261431.42720576696,4,39148.94279062626,7275.195234301414,2,0.9014197843568097
62,227926.40671393942,7,47816.892949163965,8663.805078391591,3,0.9995138085970611
41,169932.4066067093,5,44116.356478797665,24996.576432481183,1,0.9894549151774097
55,163636.37935102606,0,0.0,2473.894190029041,2,0.009669171823226633
48,182806.1996890552,1,83345.79870623662,2012.3567107062022,2,0.10679716748913815
62,128031.36523615851,3,30754.363781468528,10073.80220924793,1,0.7650786356482168
65,207453.78884128665,6,37977.33040117039,8517.666763409268,1,0.997616958988939
68,60593.20468640202,-1,47316.24256671483,11296.664463632567,1,0.005188291146148751
46,174569.976151264,-1,70474.5949978927,12975.526986869034,2,0.0032071448458861106
57,236417.14745631395,-2,85622.14991664447,14417.884719036734,3,0.0004180659985130737
31,112739.75479179567,4,39749.642032383264,13303.741988549438,1,0.9581708740153293
23,201169.59955254957,-2,61701.21393021071,0.0,2,0.00046700092936070945
22,126478.44876620128,1,46761.83549953368,0.0,2,0.10531614262084238
31,160806.4299531072,0,72897.54594299138,0.0,1,0.02281298304924626
61,239995.19222566063,5,97433.69030577704,5515.585593605148,2,0.990579576168418
51,230129.75691970534,2,0.0,5617.78235739408,3,0.1681199307495804
39,205514.80462927354,0,80290.72120279496,9126.85360204925,1,0.01832884779815767
24,211461.18058958527,0,22671.578337992243,10271.4021916669,2,0.00928299162347204
55,178293.36364169605,6,29801.541510911105,8502.65565722338,1,0.9978352888432975
36,252734.3924584983,4,77259.82133548836,6853.769336289947,1,0.9378953137142855
58,165942.59361680984,-1,18325.836800780467,15072.668360236557,2,0.0019345898210736748
49,114510.41852991865,-1,67962.46501614398,0.0,1,0.0049517193279722945
64,220670.23263598955,1,92672.5200381582,8202.16261908739,4,0.08117579503982969
61,20458.483803740353,1,61951.310165103525,5536.564448832859,2,0.1949836090038083
72,99315.63875567664,-1,54407.203898330794,8749.560578599796,2,0.004169084370907509
61,183048.98407080976,1,120113.88782799258,1481.6822611857137,1,0.156290630021443
33,77725.54481846055,7,96421.15816575671,2694.409809018554,3,0.999883634390366
71,30187.628049473147,7,131661.64528201165,478.3988129093077,2,0.9999412152944931
